Usuário 1;Senha 1
Usuário 2;Senha 2
Usuário 3;Senha 3
Usuário 4;Senha 4
Usuário 5;Senha 5
Usuário 6;Senha 6
Usuário 7;Senha 7
Usuário 8;Senha 8
Usuário 9;Senha 9
Usuário 10;Senha 10
Usuário 11;Senha 11
Usuário 12;Senha 12
Usuário 13;Senha 13
Usuário 14;Senha 14
Usuário 15;Senha 15
Usuário 16;Senha 16
Usuário 17;Senha 17
Usuário 18;Senha 18
Usuário 19;Senha 19
Usuário 20;Senha 20
Usuário 21;Senha 21
Usuário 22;Senha 22
Usuário 23;Senha 23
Usuário 24;Senha 24
Usuário 25;Senha 25
Usuário 26;Senha 26
Usuário 27;Senha 27
Usuário 28;Senha 28
Usuário 29;Senha 29
Usuário 30;Senha 30
